date,Headline,Impact - Raw,Impact - units recalled,Impact - injured or killed,Impact - duration,Impact - duration unit,Impact - hours,Impact - customers affected,Impact - Qty,Currency Symbol,Impact - Currency,Country,Region,Failure Type,Organization Type,Government Type,Government Department,Industry Area,url,Project,Companies,Theme
2006-10-01T07:00:00Z,Airbus Blames Design Software Incompatibility for Airbus A380 Two Year Delay,The delay is responsible for €4.8 billion in lost earnings up to 2010.,,,,,,,4800000000,€,EUR,Europe,"Europe, Middle East, and Africa",Operational Failure,Commercial,,,Air Transport,http://www.bloomberg.com/bw/stories/2006-10-04/airbus-first-blame-the-software; http://www.spiegel.de/international/airbus-debacle-worsens-new-a380-delays-to-cost-billions-a-440642.html,,,project problems
2007-09-01T07:00:00Z,UK Rural Payments Project Delays,The delay costs taxpayers £500 Million.,,,,,,,5.0E8,£,GBP,UK,"Europe, Middle East, and Africa",Operational Failure,Government,National,Labor,,http://spectrum.ieee.org/riskfactor/computing/it/a_masterclass_in_bad_decisionm,,,project problems
2007-11-01T07:00:00Z,Australian Super Seasprite Helo Electronic Upgrade Now 9 Years Late,"It was originally supposed to cost AU$745 Million, but the cost to complete is now estimated to be around AU$1.5 Billion.",,,,,,,7.45E8,$,AUD,Australia,Asia Pacific and Japan,Operational Failure,Government,National,Defense and Veterans Affairs,,http://spectrum.ieee.org/riskfactor/computing/it/australian_super_seasprite_sof,,,project problems
2008-01-01T07:00:00Z,US Army Future Combat System Grows from 33.7 Million Lines of Code to 63.8 Million,The total system is estimated to cost $200 Billion.,,,,,,,,$,USD,US,The Americas,Operational Failure,Government,National,Defense and Veterans Affairs,,http://spectrum.ieee.org/riskfactor/computing/it/future_comabt_systems_did_the,,,project problems
2009-01-01T07:00:00Z,UK MoD Defense Information System £3.1 Billion Over Budget,"The original cost was £4 Billion, but the cost is now estimated to be £7.1 Billion.",,,,,,,7.1E9,£,GBP,UK,"Europe, Middle East, and Africa",Operational Failure,Government,National,Defense and Veterans Affairs,,http://spectrum.ieee.org/riskfactor/computing/it/uk_71bn_mod_it_project_running,,,project problems
2009-09-01T07:00:00Z,"Wisconsin's Accountability, Consolidation and Efficiency IT Project  Major Fiasco",Project costs grow from $15 Million to at least $104 Million.,,,,,,,15000000,$,USD,US,The Americas,Operational Failure,Government,State/Local,Information Technology,,http://spectrum.ieee.org/riskfactor/computing/it/wisconsins-accountability-consolidation-and-efficiency-initiative-it-projects-overrun-a-bit,,,project problems
2009-10-01T07:00:00Z,Virginia's $2 Billion Outsourcing Contract in Chaos,Numerous state IT operations fall over.,,,140,hours,140,,,,,US,The Americas,Operational Failure,Government,State/Local,Information Technology,,http://spectrum.ieee.org/riskfactor/computing/it/virginias-2-billion-outsourced-it-contract-in-shambles,,,project problems
2011-09-01T07:00:00Z,OMB Halts National Archives and Records Administration’s (NARA) $567 Million Electronic Records Archive (ERA) Project Development,"System operates with minimum functionality and little more, $375 Million spent",,,,,,,375000000,$,USD,US,The Americas,Project Failure,Government,National,Information Technology,,http://www.federalnewsradio.com/697/2204570/NARA-to-suspend-development-of-ERA-starting-in-2012,,,project problems
2014-08-01T07:00:00Z,LA Unified School District Court Mandated Student Educational Tracking System Flops,Thousands of students are without course schedules.,,,2,weeks,336,6500,,,,US,The Americas,Operational Failure,Government,State/Local,Education,,http://spectrum.ieee.org/riskfactor/computing/it/la-school-district-continues-suffering-misis-misery,,,project problems
2014-09-01T07:00:00Z,UN Umoja Project Costs Climb Again,The project cost climbs from $24 Million last year to $378 Million.,,,,,,,378000000,$,USD,UN,Worldwide,Operational Failure,Government,,,,http://www.foxnews.com/world/2014/09/17/as-un-general-assembly-session-opens-botched-computer-project-engulfs/,,,"project problems, ERP"
2015-02-01T07:00:00Z,California's $96 million Business Licensing System in Trouble,"System went live in 2013, but only 1/3 number of state boards and commissions online as promised. Original estimate was $28 million, then it went to $78 million. However, another $17.5 million was approved for the project in April, bringing the total  $95.5 million. The estimated overrun will be at least $78 million.",,,,,,,7.8E7,$,USD,US,The Americas,Operational Failure,Government,State/Local,Commerce and Communications,,http://www.sacbee.com/news/politics-government/the-state-worker/article11272109.html; http://www.sacbee.com/news/politics-government/the-state-worker/article9918857.html; http://www.sacbee.com/news/politics-government/the-state-worker/article16486190.html ,,,project problems
2005-05-01T07:00:00Z,Software bug causes 2004-2005 Toyota Prius to stall,"20,000 cars recalled",20000,,,,,,,,,US,The Americas,Operational Failure,Commercial,,,Auto and Land Transport,http://articles.latimes.com/2005/may/18/business/fi-cars18,,Toyota,cars
2009-11-01T07:00:00Z,Toyota Offers to Fix Gas Pedals and Software to Stop Runaway Cars,Toyota addresses the root cause of the potential risk for floor mat entrapment of accelerator pedals in certain Toyota and Lexus models.,,,,,,,2.5E8,$,USD,US,The Americas,Operational Failure,Commercial,,,Auto and Land Transport,http://spectrum.ieee.org/riskfactor/computing/it/toyota-will-offer-to-fix-gas-pedals-and-software-in-its-cars-to-stop-runaways,,Toyota,cars
2010-08-01T07:00:00Z,US Government Can't Find Any Electronic Cause to Toyota SUA,The interim report blames driver error for SUA.,,,,,,3000,,,,US,The Americas,Operational Failure,Commercial,,,Auto and Land Transport,http://spectrum.ieee.org/riskfactor/transportation/advanced-cars/us-government-says-cant-find-any-toyota-electronic-throttle-flaws-yet,,Toyota,cars
2010-08-01T07:00:00Z,Honda Updates Software on 2006-2008 Civic Hybrids to Extend Failing Batteries,"Batteries were degrading prematurely, affecting 100,000 Civics.",,,,,,100000,,,,Worldwide,Worldwide,Operational Failure,Commercial,,,Auto and Land Transport,http://spectrum.ieee.org/riskfactor/transportation/advanced-cars/software-fix-extends-failing-batteries-in-20062008-honda-civic-hybrids-is-cost-acceptable; http://www.hybridcars.com/civic-hybrid-owners-disappointed-battery-software-fix-28450/,,,cars
2011-08-01T07:00:00Z,Honda Recalls 2.5 Million Vehicles for Transmission Software Updates,"Affected models included Accords, CR-Vs and Elements. 1.5 Million recalls were in the US.",2500000,,,,,,,,,Worldwide,Worldwide,Operational Failure,Commercial,,,Auto and Land Transport,http://spectrum.ieee.org/riskfactor/transportation/advanced-cars/honda-recalls-936000-more-vehicles-for-electrical-and-software-fixes,,,cars
2014-01-01T07:00:00Z,"GM Recalls 370,000 Pickup Trucks for Software Update to Reduce Fire Risk",The recall hits 2014 Chevrolet Silverado and GMC Sierra models.,370000,,,,,,,,,US,The Americas,Operational Failure,Commercial,,,Auto and Land Transport,http://spectrum.ieee.org/riskfactor/computing/it/gm-recalls-370-000-pickup-trucks-for-software-update-to-reduce-fire-risk,,,cars
2014-02-01T07:00:00Z,Toyota Recalls 1.9 Million Prius Hybrids to Fix Software Flaw,Glitch in power converter might cause car to slow down and stop unexpectedly,1900000,,,,,,,,,Worldwide,Worldwide,Operational Failure,Commercial,,,Auto and Land Transport,http://spectrum.ieee.org/riskfactor/transportation/safety/nissan-recalls-nearly-1-million-cars-for-airbag-software-fix,,Toyota,cars
2014-03-01T07:00:00Z,Nissan Recalls Nearly 1 Million Cars to Fix Air Bag Control Software,"The software installed on the vehicles may incorrectly determine that the passenger seat is empty when it is, in fact, occupied.",989708,,,,,,,,,Worldwide,Worldwide,Operational Failure,Commercial,,,Auto and Land Transport,http://spectrum.ieee.org/riskfactor/transportation/safety/nissan-recalls-nearly-1-million-cars-for-airbag-software-fix,,,cars
2005-03-01T07:00:00Z,Hudson Bay Co. ERP System Problems Contribute to Losses,Losses reached $10 Million.,,,,,,,1.0E7,$,CAD,Canada,The Americas,Operational Failure,Commercial,,,Retail,http://www.itbusiness.ca/news/hudsons-bay-cio-explains-big-ticket-it-problems/7791,,,ERP
2008-03-01T07:00:00Z,Waste Management Sues SAP for  Over $450 Million for Failed ERP Project,Really wants $1 Billion for what it calls fraudulent sales scheme,,,,,,,1.0E9,$,USD,US,The Americas,Project Failure,Commercial,,,Unknown,http://www.infoworld.com/article/2648303/applications/waste-management-sues-sap-over-erp-implementation.html,,,ERP
2008-05-01T07:00:00Z,Waste Management Sues SAP for more than $100 Million Over Failed ERP Implementation,Eventual cost was at leat $80 million (see May 2010 settlement),,,,,,,8.0E7,$,USD,US,The Americas,Project Failure,Commercial,,,Unknown,http://www.computerworld.com/article/2536212/enterprise-applications/waste-management-sues-sap-over-erp-implementation.html,,,ERP
2008-07-01T07:00:00Z,Levi Strauss Reports 2nd Quarter Profits Hurt by ERP Integration That Stopped Orders for a Week,The cost of issue was $47 Million.,,,1,weeks,168,,4.7E7,$,USD,US,The Americas,Operational Failure,Commercial,,,Retail,http://www.accountingweb.com/topic/technology/levi-strauss-blames-profit-drop-sap-enterprise-software-system,,,ERP
2009-09-01T07:00:00Z,"UN ""Umoja"" ERP Project Late and Over budget",Cost jumps from $286 Million to $337 Million and slips 18 months,,,,,,,2.86E8,$,USD,UN,Worldwide,Operational Failure,Government,,,,http://spectrum.ieee.org/riskfactor/computing/it/un-umoja-it-project-running-late-and-over-budget,,,ERP
2010-05-01T07:00:00Z,Waste Management and SAP Settle Lawsuit for $80 Million,The estimated cost was $80 million - this is the amount SAP was suing its insurer Swiss Re for to cover the settlement.,,,,,,,80000000,$,USD,US,The Americas,Project Failure,Commercial,,,Unknown,http://www.computerworld.com/article/2506049/data-center/sap-sues-insurer-over-waste-management-lawsuit-settlement.html; http://www.computerworld.com/article/2506049/data-center/sap-sues-insurer-over-waste-management-lawsuit-settlement.html,,,ERP
2010-11-01T07:00:00Z,"Portland, Oregon's Financial System Late and Over-budget","The original plan was $14 Million and 14-months to develop. Instead, it took $47 Million and 30-months.",,,,,,,4.7E7,$,USD,US,The Americas,Operational Failure,Government,State/Local,Finance and Treasury,,http://spectrum.ieee.org/riskfactor/computing/it/city-of-portland-financial-and-hrpayroll-project-overbudget-by-over-30-million,,,ERP
2012-11-01T07:00:00Z,US Air Force Cancels $1 Billion Expeditionary Combat Support System (ECSS),Air Force admits that effort produced no significant military capability,,,,,,,1000000000,$,USD,US,The Americas,Project Failure,Government,National,Defense and Veterans Affairs,,http://spectrum.ieee.org/riskfactor/aerospace/military/us-air-force-blows-1-billion-on-failed-erp-project,,,"ERP, project termination/cancellation"
2013-11-01T07:00:00Z,Bridgestone Sues IBM for $600 Million over Failed ERP System,IBM says all the problems are Bridgestone's.,,,,,,,200000000,$,USD,US,The Americas,Project Failure,Commercial,,,Auto and Land Transport,http://spectrum.ieee.org/riskfactor/computing/it/bridgestone-sues-ibm-for-fraud-in-600-million-lawsuit-over-failed-it-implementation,,,ERP
2013-12-01T07:00:00Z,UN Umoja ERP System Costs Keep Growing: Now $360.9 Million,Cost jumps from $286 Million original cost,,,,,,,286000000,$,USD,UN,Worldwide,Operational Failure,Government,,,,http://www.un.org/press/en/2013/gaab4091.doc.htm,,,ERP
2014-11-01T07:00:00Z,USAF $2.1 Billion Defense Enterprise Accounting Management System Enters Last Phase,The projecet is now scheduled to launch three years late (in 2017) and $1.1 Billion over budget.,,,,,,,1100000000,$,USD,US,The Americas,Operational Failure,Government,National,Defense and Veterans Affairs,,http://defensesystems.com/Articles/2014/11/04/Air-Force-Accenture-DEAMS-final-phase.aspx,,,ERP
2005-02-01T07:00:00Z,UK National Air Traffic Control System Crashes,Numerous flights were delayed.,,,1,hours,1,,,,,UK,"Europe, Middle East, and Africa",Operational Failure,Commercial,,,Air Transport,http://www.computing.co.uk/ctg/news/1857231/more-failures-nats-west-drayton-control-centre,,,airport/port/customs systems
2005-06-01T07:00:00Z,United Airlines finally abandons the automated baggage-handling system at Denver International Airport,Over $186 Million was wasted on the project.,,,,,,,186000000,$,USD,US,The Americas,Project Failure,Commercial,,,Air Transport,http://www.nytimes.com/2005/08/27/national/27denver.html?pagewanted=all.&_r=0,,,"airport/port/customs systems, project termination/cancellation"
2005-08-01T07:00:00Z,Virus Patch Takes Down US-Visit Border Screening System,Port of entry delays for a day,,,1,days,24,,,,,US,The Americas,Operational Failure,Government,National,Customs,,http://archive.wired.com/science/discoveries/news/2006/04/70642?currentPage=all,,,airport/port/customs systems
2005-08-01T07:00:00Z,UK National Air Traffic Control System Crashes,Numerous flights were delayed.,,,20,minutes,0.3333333333,,,,,UK,"Europe, Middle East, and Africa",Operational Failure,Commercial,,,Air Transport,http://www.informationweek.com/tech-workers-still-trying-to-solve-heathrow-computer-outage/d/d-id/1035497?,,,airport/port/customs systems
2005-10-01T07:00:00Z,New AU$250 Million Australian Custom Service Integrated Cargo System Fails,Shipping disrupted for three months into Australian ports,,,3,months,2160,,,,AUD,Australia,Asia Pacific and Japan,Operational Failure,Government,National,Customs,,http://www.theage.com.au/news/national/new-customs-it-cargo-system-fails-to-deliver/2005/10/20/1129775901865.html,,,airport/port/customs systems
2007-03-01T07:00:00Z,US Airways New Integrated Reservation System Melts Down,Flight delays for over a week,,,3,days,72,,,,,US,The Americas,Operational Failure,Commercial,,,Air Transport,http://usatoday30.usatoday.com/travel/flights/2007-03-05-us-airways-monday-update_N.htm,,,airport/port/customs systems
2007-03-01T07:00:00Z,FAA New York ATOP System Software Fails,International Flight,,,1,hours,1,,,,,US,The Americas,Operational Failure,Government,National,Transportation,,http://spectrum.ieee.org/riskfactor/computing/it/a_system_burp,,,airport/port/customs systems
2007-05-01T07:00:00Z,All Nippon Airways Reservation System Crashes,"131 flights cancelled, 70,000 passengers affected",,,,,,70000,,,,Japan,Asia Pacific and Japan,Operational Failure,Commercial,,,Air Transport,http://www.infoworld.com/article/2662290/operating-systems/ana-still-in-the-dark-on-reservation-systems-failure.html,,,airport/port/customs systems
2007-05-01T07:00:00Z,FAA San Diego TRACON Mapping Software Fails,Flight delays along West Coast,,,1,hours,1,,,,,US,The Americas,Operational Failure,Government,National,Transportation,,http://spectrum.ieee.org/riskfactor/computing/it/a_system_burp,,,airport/port/customs systems
2007-06-01T07:00:00Z,FAA Atlanta Air Traffic Control Center Computer Fails,Flight were cancelled and delayed along East Coast of the US.,,,4,hours,4,,,,,US,The Americas,Operational Failure,Government,National,Transportation,,http://spectrum.ieee.org/riskfactor/computing/it/a_system_burp,,,airport/port/customs systems
2007-06-01T07:00:00Z,United Airlines Flight and Dispatch Goes Down,United flights were grounded worldwide for two hours.,,,2,hours,2,,,,,Worldwide,Worldwide,Operational Failure,Commercial,,,Air Transport,http://spectrum.ieee.org/riskfactor/computing/it/airline_systems_meltdowns,,,airport/port/customs systems
2008-01-01T07:00:00Z,DIA Automated Baggage System to be Demolished,$9 million over four years to demolish and cart away system,,,,,,,9000000,$,USD,US,The Americas,Project Failure,Commercial,,,Air Transport,http://spectrum.ieee.org/riskfactor/computing/it/dia_the_final_end_of_the_autom,,,airport/port/customs systems
2008-02-01T07:00:00Z,Software Update Crashes London Heathrow T4 Baggage System,"The crash affected the baggace of 4,000 passengers.",,,,,,4000,,,,UK,"Europe, Middle East, and Africa",Operational Failure,Commercial,,,Air Transport,http://spectrum.ieee.org/riskfactor/computing/it/baggage_meltdown_at_heathrow,,,airport/port/customs systems
2008-03-01T07:00:00Z,New London Heathrow T5 Baggage System Melts Down,"Dozens of flights cancelled and delayed over a course of a week, over 25000 passengers and their bags  affected",,,,,,25000,,,,UK,"Europe, Middle East, and Africa",Operational Failure,Commercial,,,Air Transport,http://spectrum.ieee.org/riskfactor/computing/it/heathrow_terminal_5_a_bit_sham,,,airport/port/customs systems
2008-04-01T07:00:00Z,New London Heathrow T5 Baggage System Melts Crash Again,"12 flights canceled, dozens delayed",,,,,,,50000000,$,USD,UK,"Europe, Middle East, and Africa",Operational Failure,Commercial,,,Air Transport,http://spectrum.ieee.org/riskfactor/computing/it/britsh_airways_terminal_5_back,,,airport/port/customs systems
2008-08-01T07:00:00Z,Computer Problem Crashes London Heathrow T3 Check-in and Baggage System,"Outage last for hours, 2,000 passengers flew without their bags",,,,,,2000,,,,UK,"Europe, Middle East, and Africa",Operational Failure,Commercial,,,Air Transport,http://spectrum.ieee.org/riskfactor/computing/it/heathrow_baggage_problems_agai,,,airport/port/customs systems
2008-08-01T07:00:00Z,FAA Computer Problems Stalls Flights Across Eastern US,"The outage lasted for hours, with hundreds of flights delayed.",,,1,days,24,,,,,US,The Americas,Operational Failure,Government,National,Transportation,,http://spectrum.ieee.org/riskfactor/computing/it/software_problem_halts_us_flig,,,airport/port/customs systems
2008-09-01T07:00:00Z,All Nippon Airways Reservation System Crashes,"53 domestic flights were cancelled with another 200 delayed. Over 51,000 passengers were affected.",,,1,days,24,51000,,,,Japan,Asia Pacific and Japan,Operational Failure,Commercial,,,Air Transport,http://spectrum.ieee.org/riskfactor/computing/it/software_problems_halts_ana_fl,,,airport/port/customs systems
2008-09-01T07:00:00Z,UK NATS Computer System Software Problem Cancels Flights,"100 flights canceled, dozens grounded for 30 minutes, untold others delayed across UK/Europe",,,0.5,hours,0.5,,,,,UK,"Europe, Middle East, and Africa",Operational Failure,Commercial,,,Air Transport,http://spectrum.ieee.org/riskfactor/computing/it/atc_software_problem_hits_uk_a,,,airport/port/customs systems
2009-07-01T07:00:00Z,United Airlines Check-in System Crashes,The system was out for 6 hours and 40 minutes. Several flights had to be cancelled and dozens were delayed.,,,7,hours,6.66,,,,,US,The Americas,Operational Failure,Commercial,,,Air Transport,http://spectrum.ieee.org/riskfactor/computing/it/united-airlines-computer-go-out-at-ohare,,,airport/port/customs systems
2009-07-01T07:00:00Z,US Customs Computers Crash Across US,Thousands of travelers were affected by the glitch that lasted for over four hours.,,,5,hours,4.66,,,,,US,The Americas,Operational Failure,Government,National,Customs,,http://spectrum.ieee.org/riskfactor/computing/it/another-computer-outage-at-ohare-airport,,,airport/port/customs systems
2009-11-01T07:00:00Z,FAA's Atlanta Flight Planning System Problem Hits East Coast Flights,"Outage lasts five hours, 819 flights delayed",,,5,hours,5,,,,,US,The Americas,Operational Failure,Government,National,Transportation,,http://spectrum.ieee.org/riskfactor/computing/it/faa-computer-problem-causes-widespread-flight-delays-in-us,,,airport/port/customs systems
2010-04-01T07:00:00Z,US Customs Computer Crashes Across US,Thousands of international passengers faced delays.,,,2,hours,2,,,,,US,The Americas,Operational Failure,Government,National,Customs,,http://spectrum.ieee.org/riskfactor/computing/it/us-customs-and-border-protection-computer-crashes-last-week-causing-delays-at-airports,,,airport/port/customs systems
2010-06-01T07:00:00Z,Virgin Blue's New AU$10 Million Reservation & Ticketing System Crashes,Airline flight delayed for several hours,,,95,minutes,1.583333333,,,,AUD,Australia,Asia Pacific and Japan,Operational Failure,Commercial,,,Air Transport,http://spectrum.ieee.org/riskfactor/aerospace/aviation/virgin-blues-brand-new-airline-reservations-system-crashes,,,airport/port/customs systems
2010-09-01T07:00:00Z,Virgin Blue's New AU$10 Million Reservation & Ticketing System Crashes Twice Within Days,"Over 50,000 passengers and 400 flights were affected.",,,21,hours,21,50000,,,AUD,Australia,Asia Pacific and Japan,Operational Failure,Commercial,,,Air Transport,http://spectrum.ieee.org/riskfactor/aerospace/aviation/up-to-100000-passengers-of-virgin-blue-in-australia-impacted-by-reservation-checkin-system-crash,,,airport/port/customs systems
2010-10-01T07:00:00Z,Virgin Blue Sues Reservation & Ticketing System Developer for AU$20 Million,The airline is going after Accenture-owned Navitaire.,,,,,,,2.0E7,$,AUD,Australia,Asia Pacific and Japan,Operational Failure,Commercial,,,Air Transport,http://spectrum.ieee.org/riskfactor/aerospace/aviation/virgin-blue-may-want-a20-million-for-reservation-system-meltdown,,,airport/port/customs systems
2011-05-01T07:00:00Z,"US Diversity Visa Lottery Programming Error Means 22,000 Lottery Winners Aren't","State Dept. says the lottery wasn't fair, so will start over.",,,,,,22000,,,,US,The Americas,Operational Failure,Government,National,Customs,,http://spectrum.ieee.org/riskfactor/computing/software/us-diversity-visa-lottery-programming-problem-22000-unhappy-147-million-happy-about-the-glitch,,,airport/port/customs systems
2011-11-01T07:00:00Z,Amadeus Reservation System Glitch Affects Airlines Worldwide,"Boarding passes had to be printed out by hand by Qantas, BA, Air France, and Lufthansa for several hours.",,,140,minutes,2.333333333,,,,,Worldwide,Worldwide,Operational Failure,Commercial,,,Air Transport,http://spectrum.ieee.org/riskfactor/aerospace/aviation/worldwide-airline-reservation-hiccup-cured,,,airport/port/customs systems
2012-03-01T07:00:00Z,United-Continental Merged Reservation System Hits Major Turbulence,"United CEO claimed that system was well prepared, but it was anything but",,,1,months,720,,,,,US,The Americas,Operational Failure,Commercial,,,Air Transport,http://spectrum.ieee.org/riskfactor/aerospace/aviation/united-airlines-reservation-system-cutover-still-hitting-patches-of-rough-air,,,airport/port/customs systems
2012-10-01T07:00:00Z,Sprint Cable Cut Hits Airlines using Sabre Reservation System for an Hour,"Alaska, American, Frontier and SouthWest all affected",,,1,hours,1,7000,,,,US,The Americas,Operational Failure,Commercial,,,Telecom,http://spectrum.ieee.org/riskfactor/aerospace/aviation/sprint-cable-cuts-smack-alaska-airlines-hard,,,"airport/port/customs systems, telecom"
2013-04-01T07:00:00Z,American Airlines Reservation System Out for Over Four Hours Due to Software Issue,"Connectivity issues cited, 970 flights canceled and 1068 delayed",,,4.5,hours,4.5,,,,,Worldwide,Worldwide,Operational Failure,Commercial,,,Air Transport,http://spectrum.ieee.org/riskfactor/aerospace/aviation/american-airlines-still-recovering-from-software-issue-that-grounded-flights-yesterday,,,airport/port/customs systems
2013-06-01T07:00:00Z,Southwest Airlines Grounds Entire Fleet for Three Hours After Computer Failure,"57 Flights cancelled, 250 others grounded",,,3,hours,3,,,,,US,The Americas,Operational Failure,Commercial,,,Air Transport,http://spectrum.ieee.org/riskfactor/computing/it/it-hiccups-of-the-week-southwest-airlines-computer-failure-grounded-all-flights,,,airport/port/customs systems
2013-08-01T07:00:00Z,Sabre Reservation System Experiences Worldwide Outage for 2 Hours,"Dozens of flights around the world were canceled, and many more were delayed.",,,2,hours,2,,,,,Worldwide,Worldwide,Operational Failure,Commercial,,,Air Transport,http://spectrum.ieee.org/riskfactor/computing/it/it-hiccups-of-the-week-sabre-outage-hit-flights-worldwide,,,airport/port/customs systems
2013-12-01T07:00:00Z,"UK NATS System Crashes, Snarls Air Traffic Across Britain and Europe","300 flights cancelled, 1400 delayed over two days",,,2,days,48,,,,,UK,"Europe, Middle East, and Africa",Operational Failure,Commercial,,,Air Transport,http://spectrum.ieee.org/riskfactor/computing/it/uk-air-traffic-control-problem-snarls-flights-over-weekend,,,airport/port/customs systems
2014-03-01T07:00:00Z,UK £750 Million e-Borders Project Finally Ends,"Some £583 Million in total written off (£259 million in orginal costs, as well as $224 Million that had to be paid to Raytheon after arbritration for contracty termination fees)",,,,,,,583000000,£,GBP,UK,"Europe, Middle East, and Africa",Project Failure,Government,National,Customs,,http://www.computerweekly.com/news/2240216029/Government-finally-scraps-e-Borders-programme; https://www.gov.uk/government/news/home-secretary-letter-on-the-e-borders-programme-arbitration,,,"airport/port/customs systems, project termination/cancellation"
2014-05-01T07:00:00Z,U2 Flight Exposes Software Flaw in FAA Air Traffic Control System,Air traffic in four Western States was affected by trouble with En Route Automation Modernization (ERAM) system.,,,1,hours,1,,,,,US,The Americas,Operational Failure,Government,National,Transportation,,http://spectrum.ieee.org/riskfactor/computing/it/report-claims-u2-to-blame-for-us-west-coast-airtraffic-outage,,,airport/port/customs systems
2014-06-01T07:00:00Z,Heathrow Terminal 5 Has Multi-day Baggage System Problems,Thousands of passengers fly without bags,,,4,days,96,28000,,,,UK,"Europe, Middle East, and Africa",Operational Failure,Commercial,,,Air Transport,http://spectrum.ieee.org/riskfactor/computing/it/thousands-of-bags-miss-flights-at-british-airways-heathrow-terminal-5-again,,,airport/port/customs systems
2014-12-01T07:00:00Z,UK NATS Software Problem Closes UK Airspace for Hours,"150 flights canceled, hundreds delayed over two days",,,2,days,48,,,,,UK,"Europe, Middle East, and Africa",Operational Failure,Commercial,,,Air Transport,http://www.nytimes.com/2014/12/13/world/europe/london-air-traffic-glitch-closes-airspace-and-disrupts-flights.html?_r=0,,,airport/port/customs systems
2006-07-01T07:00:00Z,University of Wisconsin Cancels Payroll and Benefits System,The failed project cost $28.4 Million.,,,,,,,28400000,$,USD,US,The Americas,Project Failure,Government,State/Local,Education,,http://legis.wisconsin.gov/lab/reports/07-5Full.pdf,,,"project termination/cancellation, payroll"
2007-07-01T07:00:00Z,Irish Health Services Executive Abandons €130 million Payroll System PPARS,Costs had climbed from €9 million to €130 million since 2005.,,,,,,,130000000,€,EUR,Ireland,"Europe, Middle East, and Africa",Project Failure,Government,National,Health and Human Services,,http://www.irishhealth.com/article.html?id=11805,,,"payroll, health"
2007-08-01T07:00:00Z,New $95 Million Los Angeles Unified School District Payroll System Doesn't Work,"Tens of thousands of teachers, cafeteria workers, classroom aides and others have been underpaid, overpaid, or not paid at all.",,,,,,50000,,,,US,The Americas,Operational Failure,Government,State/Local,Education,,http://spectrum.ieee.org/riskfactor/computing/it/la_school_system_blunder,,,payroll
2007-12-01T07:00:00Z,LAUSD Payroll System Cost Jumps from $95 Million to $210 Million,Estimated new cost to fix botched system. Final tally was in fact $132.5 million.,,,,,,,132500000,$,USD,US,The Americas,Operational Failure,Government,State/Local,Education,,http://spectrum.ieee.org/riskfactor/computing/it/lausd_payroll_system_from_95_m; http://www.dailynews.com/general-news/20071216/lausd-payroll-system-price-tag-balloons; http://articles.latimes.com/2008/nov/27/local/me-payroll27),,,payroll
2008-06-01T07:00:00Z,Swansea City Council Cancels £800K Payroll Project after £7 Million Cost Overrun,£8 Million Loss,,,,,,,8000000,£,GBP,UK,"Europe, Middle East, and Africa",Project Failure,Government,State/Local,Information Technology,,http://spectrum.ieee.org/riskfactor/computing/it/how_do_you_create_a_8_million,,,"project termination/cancellation, payroll"
2009-05-01T07:00:00Z,Computer errors hit Boston and Detroit City Worker Paychecks,"Over 20,000 Boston  and 15000 Detroit government workers didn't receive paychecks because of IT problems",,,,,,35000,,,,US,The Americas,Operational Failure,Government,State/Local,Finance and Treasury,,http://spectrum.ieee.org/riskfactor/computing/it/city_worker_payrolls_hit_by_co,,,payroll
2009-11-01T07:00:00Z,"Processing Error Withdraws Pension Checks of 66,000 Retired New York City Teachers",$189 Million was accidentally sent back to state.,,,,,,,1.89E8,$,USD,US,The Americas,Operational Failure,Government,State/Local,Education,,http://spectrum.ieee.org/riskfactor/computing/it/processing-error-withdraws-pension-checks-of-66000-retired-new-york-city-teachers,,,payroll
2010-03-01T07:00:00Z,Queensland Health AU$101 Million Payroll System Rollout a Fiasco,Original cost was AU$6.2 Million,,,,,,,6200000,$,AUD,Australia,Asia Pacific and Japan,Operational Failure,Government,State/Local,Health and Human Services,,http://spectrum.ieee.org/riskfactor/computing/it/outstanding-success-or-nightmare-payroll-system-lawsuit-may-decide,,,"payroll, health"
2010-12-01T07:00:00Z,New York City CityTime Project Riddled with Fraud,"The original cost was $63-68 Million, but the latest cost to complete is estimated to be $722 Million. Most of the increase is claimed to be fraudulent charges.",,,,,,,722000000,$,USD,US,The Americas,Operational Failure,Government,State/Local,Finance and Treasury,,http://spectrum.ieee.org/riskfactor/computing/it/nyc-bigtime-citytime-fraud-charges-ripples-on,,,payroll
2011-06-01T07:00:00Z,"US Government Files Fraud Charges over CityTime Billing, New York Wants SAIC to Pay Back $600 Million in Billings",The total project cost billed was $720 Million.,,,,,,,7.2E8,$,USD,US,The Americas,Operational Failure,Government,State/Local,Finance and Treasury,,http://spectrum.ieee.org/riskfactor/computing/it/new-york-city-to-citytime-prime-contractor-saic-fork-over-our-600-million,,,payroll
2012-06-01T07:00:00Z,Queensland Health Payroll System Costs to Complete Rise to Over AU$500 Million; Original Budget was AU$6.2 Million,That doesn't include AU$837 Million needed to operate system over next 5 years,,,,,,,837000000,$,AUD,Australia,Asia Pacific and Japan,Operational Failure,Government,State/Local,Health and Human Services,,http://spectrum.ieee.org/riskfactor/computing/it/queensland-health-payroll-system-one-of-the-worst-it-projects-ever,,,"payroll, health"
2013-02-01T07:00:00Z,California Cancels $89.7 Million MyCalPAYS Payroll Modernization System,"$50 Million was spent, but 5 Phase system development never made it past Phase 1.",,,,,,,50000000,$,USD,US,The Americas,Project Failure,Government,State/Local,Finance and Treasury,,http://spectrum.ieee.org/riskfactor/computing/it/californias-payroll-project-debacle-another-50-million-up-in-smoke,,,"project termination/cancellation, payroll"
2007-08-01T07:00:00Z,Skype Software Update Takes it Down,Millions of users affected for two days,,,2,days,48,220000000,,,,Worldwide,Worldwide,Operational Failure,Commercial,,,Telecom,http://spectrum.ieee.org/riskfactor/computing/it/skype_scuppered; http://www.nytimes.com/2007/08/21/business/worldbusiness/21skype.html?pagewanted=print&_r=0; http://heartbeat.skype.com/2007/08/what_happened_on_august_16.html,,,telecom
2008-02-01T07:00:00Z,BlackBerry Goes Dark Across North America,Software update blamed,,,2.5,hours,2.5,,,,,North America,The Americas,Operational Failure,Commercial,,,Telecom,http://spectrum.ieee.org/tech-talk/semiconductors/devices/blackberry_service_outage_hits,,BlackBerry,telecom
2008-07-01T07:00:00Z,"Cut Optus Fibre Optic Cable Affect 1 Million Customers in Queensland, Australia","Cut causes major land line, mobile phone and internet shutdown for over four hours.",,,4,hours,4,1000000,,,,Australia,Asia Pacific and Japan,Operational Failure,Commercial,,,Telecom,http://spectrum.ieee.org/riskfactor/computing/it/fun_in_the_land_of_oz,,,telecom
2008-12-01T07:00:00Z,Undersea Cables Damaged in Mediterranean Sea,"Internet, data and telephone communications disrupted for days across the eastern Mediterranean region. A France Telecom report listed 14 countries affected by the current problem. The cables were repaired on 31 December 2008.",,,12,days,288,,,,,EMEA,"Europe, Middle East, and Africa",Operational Failure,Commercial,,,Telecom,http://spectrum.ieee.org/riskfactor/computing/it/undersea_cables_damaged_in_med; http://www.wired.com/2008/12/mediterranean-c/; http://www.osa-opn.org/home/articles/volume_25/march_2014/features/sea_change_the_challenges_facing_submarine_optical/#.VXgrjvlVhBc,,,telecom
2009-09-01T07:00:00Z,Gmail Goes Down,"The service was down for about 2 hours, hitting 150 Million users.",,,2,hours,2,150000000,,,,Worldwide,Worldwide,Operational Failure,Commercial,,,Telecom,http://spectrum.ieee.org/riskfactor/computing/it/google-gmail-should-be-working-again,,,telecom
2009-10-01T07:00:00Z,T-Mobile Temporarily Stops Selling Sidekick Phones after Massive  User Data Loss,Up to one Million Sidekick owners lost their data due to Microsoft data center issues,,,,,,1000000,,,,US,The Americas,Operational Failure,Commercial,,,Telecom,http://spectrum.ieee.org/riskfactor/computing/it/tmobile-temporarily-stops-selling-sidekick-phones,,Microsoft,telecom
2009-12-01T07:00:00Z,Blackberry Suffers Back to Back Outages,The company blames an update of their messenger software.,,,8,hours,8,1.88E7,,,,US,The Americas,Operational Failure,Commercial,,,Telecom,http://spectrum.ieee.org/riskfactor/telecom/wireless/blackberry-zeroing-in-on-cause-of-recent-outages; http://www.cnn.com/2009/TECH/12/23/blackberry.outage/; http://www.statista.com/statistics/232792/forecast-of-rim-users-in-the-us/,,BlackBerry,telecom
2010-12-01T07:00:00Z,Comcast Suffers Major East Coast Outage Lasting for 15 Hours,"The company blames it on a ""server issue.""",,,15,hours,15,,,,,US,The Americas,Operational Failure,Commercial,,,Telecom,http://spectrum.ieee.org/riskfactor/telecom/internet/comcast-suffers-major-internet-outage,,,telecom
2011-04-01T07:00:00Z,Georgian Woman Accused of Accidentally Bringing Down Armenia's Internet with Shovel,The 75-year old was likely scavenging for wiring to sell as scrap.,,,12,hours,12,,,,,Georgia,"Europe, Middle East, and Africa",Operational Failure,Commercial,,,Telecom,http://spectrum.ieee.org/riskfactor/telecom/internet/georgian-woman-accidentally-brings-down-armenias-internet,,,telecom
2011-10-01T07:00:00Z,"BlackBerry Experiences Email and Internet Outages across Europe, the Middle East, and Africa",Servers were blamed for disruptions that last almost three days and affected over 40 Million customers.,,,3,days,72,4.0E7,,,,EMEA,"Europe, Middle East, and Africa",Operational Failure,Commercial,,,Telecom,http://spectrum.ieee.org/riskfactor/telecom/wireless/glitch-leaves-millions-of-blackberry-owners-without-email-internet,,BlackBerry,telecom
2012-07-01T07:00:00Z,France Telecom Mobile 12 Hour Outage Affects 26 Million Subscribers,Compensation costs $25 Million,,,12,hours,12,26000000,25000000,$,USD,France,"Europe, Middle East, and Africa",Operational Failure,Commercial,,,Telecom,http://spectrum.ieee.org/riskfactor/telecom/wireless/france-tlcom-mobile-network-outage-affecting-26-million-subscribers-angers-government-ministers,,,telecom
2012-09-01T07:00:00Z,"Blackberry Email and Internet Disrupted for Three Hours in Europe, the Middle East and Africa","Blackberry blamed a ""service issue.""",,,3,hours,3,,,,,EMEA,"Europe, Middle East, and Africa",Operational Failure,Commercial,,,Telecom,http://spectrum.ieee.org/riskfactor/telecom/wireless/blackberry-service-issue-underscores-apple-iphone-5-launch,,BlackBerry,telecom
2014-04-01T07:00:00Z,"911 Outage Hits Oregon, Washington and 5 Other States","Outage last 7 hours overall, caused by software alarm glitch",,,7,hours,7,,,,,US,The Americas,Operational Failure,Government,State/Local,Law Enforcement,Telecom,http://spectrum.ieee.org/riskfactor/computing/it/911-outages-hit-washington-state-parts-of-oregon,,,telecom
2005-03-01T07:00:00Z,FBI Cancels Virtual Case File System,The failed project cost $170 Million.,,,,,,,1.7E8,$,USD,US,The Americas,Project Failure,Government,National,Law Enforcement,,http://www.computerworld.com/article/2569344/app-development/fbi-scuttles--170m-system-for-managing-investigations.html,FBI VCF/Sentinel,,project termination/cancellation
2005-12-01T07:00:00Z,Colorado Department of Labor & Employment’s Terminates State Unemployment IT Project Genesis,$41 Million,,,,,,,41000000,$,USD,US,The Americas,Project Failure,Government,State/Local,Labor,,http://www.leg.state.co.us/osa/coauditor1.nsf/All/22147172A4CF63D787257331006E6610/$FILE/1778%20Genesis%20Project%20Perf%20MEMO%208-6-07.pdf,,,project termination/cancellation
2005-12-01T07:00:00Z,US DHS Cancels eMerge2 Program,$18.3 Million,,,,,,,1.83E7,$,USD,US,The Americas,Project Failure,Government,National,Law Enforcement,,http://fcw.com/articles/2006/03/30/emerge2s-failure-sends-dhs-back-to-drawing-board.aspx?admgarea=TC_Management,,,project termination/cancellation
2006-01-01T07:00:00Z,FBI Terminates Laboratory Information Management System Project,The program cost the FBI $1.2 Million and the project was already two years late.,,,,,,,1175015,$,USD,US,The Americas,Project Failure,Government,National,Law Enforcement,,http://www.justice.gov/oig/reports/FBI/a0633/final.pdf,,,project termination/cancellation
2006-07-01T07:00:00Z,US Treasury Dept. Cancels $15.1 Million BSA Direct R&S Project,$14.1 Million wasted,,,,,,,14100000,$,USD,US,The Americas,Project Failure,Government,National,Finance and Treasury,,http://www.fincen.gov/news_room/nr/html/20060713.html,,,project termination/cancellation
2006-07-01T07:00:00Z,UK Terminates Child Support Agency after IT System Failure,£456m,,,,,,,456000000,£,GBP,UK,"Europe, Middle East, and Africa",Project Failure,Government,National,Health and Human Services,,http://www.computerweekly.com/news/2240077941/IT-failures-help-speed-demise-of-Child-Support-Agency,,,project termination/cancellation
2006-09-01T07:00:00Z,UK Scraps Department of Work  and Pensions Benefits Processing Replacement Programme,£141 Million was spent with no payoff.,,,,,,,1.4E8,£,GBP,UK,"Europe, Middle East, and Africa",Project Failure,Government,National,Labor,,http://www.computerweekly.com/news/2240078312/DWP-shelves-140m-benefits-processing-system,,,project termination/cancellation
2007-02-01T07:00:00Z,Wisconsin Pulls Plug on $41.2 Million  EnAbles  Unemployment Insurance Project,$23.6 Million spent on system which was supposed to be built over 7 phases; phase 1 worked and cost $13 Million; phase 2 never worked and cost $10 Million,,,,,,,23600000,$,USD,US,The Americas,Project Failure,Government,State/Local,Labor,,http://www.jsonline.com/news/wisconsin/29386584.html,,,project termination/cancellation
2007-03-01T07:00:00Z,RCMP Canadian Firearms Program Cancelled,The government is on the hook for CN$91 Million.,,,,,,,9.1E7,$,CAD,Canada,The Americas,Project Failure,Government,National,Law Enforcement,,http://www.thestar.com/news/2007/11/08/gun_registry_contract_cancelled_after_81m_spent.html?app=noRedirect,,,project termination/cancellation
2007-07-01T07:00:00Z,Australia Cancels AU$4.5 Million FireLink Wildfire Communications System Project,AU$4.5 million,,,,,,,4500000,$,AUD,Australia,Asia Pacific and Japan,Project Failure,Government,National,Law Enforcement,,http://www.abc.net.au/news/2007-07-13/act-firelink-system-waste-of-money/2501524,,,project termination/cancellation
2008-01-01T07:00:00Z,UK Cancels $750 Million C-NOMIS Prison IT System,The cost to cancel was £205 Million.,,,,,,,205000000,£,GBP,UK,"Europe, Middle East, and Africa",Project Failure,Government,National,Law Enforcement,,http://spectrum.ieee.org/riskfactor/computing/it/uk_cancels_750_million_prison,,,project termination/cancellation
2008-03-01T07:00:00Z,Australian Super Seasprite Helo Electronic Upgrade Cancelled,AU$1.3 Billion,,,,,,,1300000000,$,AUD,Australia,Asia Pacific and Japan,Project Failure,Government,National,Defense and Veterans Affairs,,http://spectrum.ieee.org/riskfactor/computing/it/it_mercy_rule_called_seasprite,,,project termination/cancellation
2009-06-01T07:00:00Z,DoD Cancels $26 Billion Transformational Satellite Program,"$2 billion spent on program - cost basically doubled initial $12-15 billion estimates - official termination was June 2009, but DefSec Gates made decision in April 2009",,,,,,,2.0E9,$,USD,US,The Americas,Project Failure,Government,National,Defense and Veterans Affairs,,http://www.defense.gov/Contracts/Contract.aspx?ContractID=4043,,,project termination/cancellation
2009-06-01T07:00:00Z,$200 Billion US Army Future Combat System Program Terminated,$18 Billion spent,,,,,,,1.8E10,$,USD,US,The Americas,Project Failure,Government,National,Defense and Veterans Affairs,,http://spectrum.ieee.org/riskfactor/computing/it/us-army-future-combat-systems-program-formally-terminated,,,project termination/cancellation
2009-09-01T07:00:00Z,VA Scraps $167 Million Scheduling Replacement Projecect After 9 Years,$127 million written off,,,,,,,127000000,$,USD,US,The Americas,Project Failure,Government,National,Defense and Veterans Affairs,,http://www.gao.gov/new.items/d10579.pdf,,,project termination/cancellation
2010-02-01T07:00:00Z,DoD Cancels Defense Integrated Military Human Resources System After Spending Some $850 Million and 12 years of effort,$850 million,,,,,,,850000000,$,USD,US,The Americas,Project Failure,Government,National,Defense and Veterans Affairs,,http://articles.dailypress.com/2010-02-21/news/dp-local_milupdate_0222feb22_1_military-personnel-payroll-navy-and-air-force; http://www.dodig.mil/audit/reports/fy10/10-041redacted.pdf,,,project termination/cancellation
2010-02-01T07:00:00Z,US Government Abandons $13.9 Billion National Polar-orbiting Operational Environmental Satellite System Project,Nearly $6 Billion  spent  with only one limited life NASA satellite being almost ready to launch,,,,,,,6.0E9,$,USD,US,The Americas,Project Failure,Government,National,Defense and Veterans Affairs,,http://www.whitehouse.gov/sites/default/files/npoess_decision_fact_sheet_2-1-10.pdf; http://gop.science.house.gov/Media/hearings/oversight10/june29/Powner.pdf,,,project termination/cancellation
2010-05-01T07:00:00Z,UK Scraps £4.5 Billion National Identity Register Project,£257 Million Investment wasted,,,,,,,257000000,£,GBP,UK,"Europe, Middle East, and Africa",Project Failure,Government,National,Law Enforcement,,http://www.zdnet.com/article/id-cards-why-they-were-destined-to-fail/,,,project termination/cancellation
2010-12-01T07:00:00Z,UK FiReControl Project Axed after Costs Escalate from £100 Million to £423 Million,£230 Million was paid out with nothing to show for it.,,,,,,,230000000,£,GBP,UK,"Europe, Middle East, and Africa",Project Failure,Government,National,Law Enforcement,,http://spectrum.ieee.org/riskfactor/computing/it/uk-firecontrol-project-finally-axed,,,project termination/cancellation
2011-03-01T07:00:00Z,Victoria Police AU$59 Million Link Crime Database Project Canceled After Costs Soar to At Least AU$187 Million,AU$100 Million shortfall discovered in January 2011,,,,,,,100000000,$,AUD,Australia,Asia Pacific and Japan,Project Failure,Government,State/Local,Law Enforcement,,http://www.theage.com.au/victoria/police-database-would-have-cut-crime-20110420-1doxp.html,,,project termination/cancellation
2011-07-01T07:00:00Z,Chicago's Project Shield Canceled after 8 Years and $45 Million Wasted,An audit report stated that there was virtually no project management or oversight.,,,,,,,45000000,$,USD,US,The Americas,Project Failure,Government,State/Local,Law Enforcement,,http://spectrum.ieee.org/riskfactor/computing/it/chicago-project-shields-depressing-post-mortem,,,project termination/cancellation
2011-10-01T07:00:00Z,VA’s $608 Million Financial and Logistics Integrated Technology Enterprise Project Canceled,$90.8 Million wasted,,,,,,,90800000,$,USD,US,The Americas,Project Failure,Government,National,Defense and Veterans Affairs,,http://fcw.com/articles/2010/07/13/va-cancels-flite-program.aspx,,,project termination/cancellation
2012-03-01T07:00:00Z,California Cancels Court Case Management System After Spending $556 Million,Another $1.3 Billion needed to finish the system,,,,,,,5.56E8,$,USD,US,The Americas,Project Failure,Government,State/Local,Law Enforcement,,http://www.courts.ca.gov/partners/documents/CCMS-All-Periodicals.pdf,,,project termination/cancellation
2013-02-01T07:00:00Z,California Cancels $208 Million DMV Modernization IT Project,$134 Million spent after 6 years but lack of real progress,,,,,,,134000000,$,USD,US,The Americas,Project Failure,Government,State/Local,Transportation,,http://spectrum.ieee.org/riskfactor/computing/it/dj-vu-all-over-again-californias-dmv-it-project-cancelled,,,project termination/cancellation
2013-04-01T07:00:00Z,UK Surrey Police Siren Criminal Investigation System Canceled,The £15 Million investment was found not fit for its purpose.,,,,,,,1.48E7,£,GBP,UK,"Europe, Middle East, and Africa",Operational Failure,Government,State/Local,Law Enforcement,,http://www.bbc.com/news/uk-27911416,,,project termination/cancellation
2013-05-01T07:00:00Z,BBC Blows £98.4 Million on Failed Digital Media Initiative,"After spending £98.4 Million, the BBC admits to poor project management.",,,,,,,98400000,£,GBP,UK,"Europe, Middle East, and Africa",Project Failure,Government,National,Commerce and Communications,,http://spectrum.ieee.org/riskfactor/computing/it/bbc-blows-984m-on-digital-media-initiative-project,,,project termination/cancellation
2013-06-01T07:00:00Z,Tennessee Cancels $37 Million Vision Integration Platform (VIP) Project,The project was in its 7th year and had cost $20 Million without producing much of value.,,,,,,,2.0E7,$,USD,US,The Americas,Project Failure,Government,State/Local,Health and Human Services,,http://archive.wbir.com/rss/article/271940/2/-State-pulls-plug-on-multi-million-dollar-computer-system,,,project termination/cancellation
2013-10-01T07:00:00Z,Alaska Public Safety Information Network Database Modernization Quietly Killed After 11 years of Effort And $28 Million,"Modernization of APSIN, Alaska's criminal information database, was abandoned when it couldn't be made to work properly after $28 Million spent.",,,,,,,2.79E7,$,USD,US,The Americas,Project Failure,Government,State/Local,Law Enforcement,,http://www.adn.com/article/20150207/alaska-government-spent-nearly-28-million-botched-database-project,,,project termination/cancellation
2014-04-01T07:00:00Z,Victoria Government Finally Kills AU$180 Million Ultra Schools Portal,"The project cost was triple the original AU$60 Million estimate, and only 4% of schools ever used the system.",,,,,,,1.8E8,$,AUD,Australia,Asia Pacific and Japan,Project Failure,Government,State/Local,Education,,http://www.theage.com.au/victoria/plug-pulled-on-schools-disastrous-ultranet-computer-system-20140419-36xse.html,,,project termination/cancellation
2014-09-01T07:00:00Z,Netherlands Social Insurance Bank SVB Scraps New €44 Million IT System after Persistent Failures,Termination resulted in a €44 Million write-off.,,,,,,,44000000,€,EUR,Netherlands,"Europe, Middle East, and Africa",Project Failure,Government,National,Health and Human Services,,http://www.dutchnews.nl/news/archives/2014/09/social_insurance_bank_scraps_n.php/,,,project termination/cancellation
2015-03-01T07:00:00Z,"Murfreesboro County, Tennessee Pulls Plug on $1 million Court Management System","The county spent 2 years and $1 Million trying to modernize their old court management system, without success. Litigation is likely.",,,,,,,1000000,$,USD,US,The Americas,Project Failure,Government,State/Local,Law Enforcement,,http://www.dnj.com/story/news/2015/03/21/million-dollar-glitch/25166703/,,,project termination/cancellation
2006-07-01T07:00:00Z,North Carolina Cancels New  $171 Million Medicaid Development,$31 Million,,,,,,,31000000,$,USD,US,The Americas,Project Failure,Government,State/Local,Health and Human Services,,http://gcn.com/articles/2006/07/19/north-carolina-ends-medicaid-pact-with-acs.aspx,,,"project termination/cancellation, health"
2010-10-01T07:00:00Z,VA's $1.9 billion Health Information Systems and Technology Architecture-Foundations Modernization Project Terminated,"Unknown how much was lost/spent before cancellation, however, the VA planned to spend $385 million 2010 - 2014 on the project, or about $95 million per year. Given the program started in 2006, we could estimate that about $300 Million was spent on the program by the time it was canceled.",,,,,,,300000000,$,USD,US,The Americas,Project Failure,Government,National,Defense and Veterans Affairs,,http://www.gao.gov/assets/660/656210.txt,,,"project termination/cancellation, health"
2011-09-01T07:00:00Z,UK Terminates £12.7 Billion National Electronic Health Record Program,Over £11 Billion thought to be wasted,,,,,,,1.1E10,£,GBP,UK,"Europe, Middle East, and Africa",Project Failure,Government,National,Health and Human Services,,http://spectrum.ieee.org/riskfactor/computing/it/npfit-dismantled-uk-government-announces-end-of-its-127-billion-national-electronic-health-record-program,,,"project termination/cancellation, health"
2012-05-01T07:00:00Z,Victoria Australia Terminates Troubled HealthSmart Electronic Health Record System,AU$566 Million spent with little to show for it; original cost was AU$323 Million in 2007,,,,,,,5.66E8,$,AUD,Australia,Asia Pacific and Japan,Project Failure,Government,State/Local,Health and Human Services,,http://spectrum.ieee.org/riskfactor/computing/it/troubled-healthsmart-system-finally-cancelled-in-victoria-australia-,,,"project termination/cancellation, health"
2013-02-01T07:00:00Z,DOD Cancels Interoperable Electronic Health Record System Project,$1.3 billion was spent before cancellation.,,,,,,,1300000000,$,USD,US,The Americas,Project Failure,Government,National,Defense and Veterans Affairs,,http://www.defense.gov/transcripts/transcript.aspx?transcriptid=5187; http://www.ihealthbeat.org/articles/2013/8/29/va-pentagon-spent-at-least-13b-on-canceled-joint-ehr-system?view=print,,,"project termination/cancellation, health"
2014-01-01T07:00:00Z,Federal Government Fires Health Exchange Contractor,CGI contract not renewed - Over $80 Million paid to it,,,,,,,8.0E7,$,USD,US,The Americas,Operational Failure,Government,National,Health and Human Services,,http://www.washingtonpost.com/politics/obama-administration-to-end-contract-with-cgi-federal-company-behind-healthcaregov/2014/01/10/001eb05a-719e-11e3-8b3f-b1666705ca3b_story.html,,,health
2014-02-01T07:00:00Z,Oregon Health Insurance Exchange Still Inoperable,"$220 Million spent, no one signed up yet",,,,,,,2.2E8,$,USD,US,The Americas,Operational Failure,Government,State/Local,Health and Human Services,,http://spectrum.ieee.org/riskfactor/computing/it/uncover-oregon-states-healthcare-exchange-website-still-inoperable-four-months-after-planned-launch,,,health
2014-02-01T07:00:00Z,Maryland Terminates $193 Million Health Insurance Exchange Project,"State spent  $130 Million total on exchange, $90 Million on technology",,,,,,,1.3E8,$,USD,US,The Americas,Project Failure,Government,State/Local,Health and Human Services,,http://articles.baltimoresun.com/2014-02-24/news/bal-state-fires-health-exchange-contractor-20140224_1_noridian-optum-qssi-isabel-fitzgerald,,,"project termination/cancellation, health"
2014-03-01T07:00:00Z,Massachusetts Calls Quit on $89 Million Health Insurance Exchange,"The state admits that it can't get the exchange to work properly. The $89 million contract with CGI was canceled with state agreeing to pay $52 million to the company. However, by the end of 2014, the Massachusetts exchange which was originally estimated to cost $174 million to develop, was rescoped at a new cost of $254 million. This was not enough, and another $20 million is needed to get it ""finally"" fixed.",,,,,,,52000000,$,USD,US,The Americas,Project Failure,Government,State/Local,Health and Human Services,,http://www.masslive.com/politics/index.ssf/2014/03/massachusetts_to_fire_technolo.html; https://www.bostonglobe.com/lifestyle/health-wellness/2014/06/20/state-reaches-settlement-with-cgi-builder-botched-health-insurance-website/IIW25yQ7QqRek8d9nV3Z4J/story.html; https://pgcompliancecoach.wordpress.com/2014/11/18/massachusetts-new-254-million-health-exchange-website-is-working/; https://www.bostonglobe.com/metro/2015/02/28/health-connector-website-needs-million-upgrades-this-year-director-says/0dg9tvF666ig3Tzsq402HL/story.html,,,"project termination/cancellation, health"
2014-05-01T07:00:00Z,Massachusetts Pays Health Exchange Contractor a Total of $52 Million to Go Away,CGI was paid $35 Million in termination money on top of the previous $17 Million paid.,,,,,,,52000000,$,USD,US,The Americas,Project Failure,Government,State/Local,Health and Human Services,,http://www.masslive.com/politics/index.ssf/2014/06/massachusetts_health_connector_3.html,,,health
2014-08-01T07:00:00Z,Oracle Sues Oregon for $23 Million Over Health Insurance Exchange,Oracle says state owes it money for working health exchange,,,,,,,2.48E8,$,USD,US,The Americas,Project Failure,Government,State/Local,Health and Human Services,,http://www.latimes.com/nation/nationnow/la-na-nn-oracle-oregon-lawsuit-20140809-story.html#page=1,,,health
2014-08-01T07:00:00Z,Oregon Sues Oracle for $200 Million over Botched Health Insurance Exchange,Charges Oracle with Racketeering,,,,,,,2.48E8,$,USD,US,The Americas,Project Failure,Government,State/Local,Health and Human Services,,http://fortune.com/2014/08/22/oregon-oracle-spat-200-million-lawsuit/,,,health
2015-01-01T07:00:00Z,Tennessee Cancels $37.5 Million TennCare Medicaid System,$37.5 million,,,,,,,37500000,$,USD,US,The Americas,Project Failure,Government,State/Local,Health and Human Services,,http://www.timesfreepress.com/news/local/story/2015/jan/13/state-officials-decide-cut-ties-tenncare-comp/282369/,,,"project termination/cancellation, health"
2005-10-01T07:00:00Z,Sainsbury Terminates £2.1 Billion Ten Year IT Outsourcing Contract After Four Years,£100 Million Write-off for Sainsbury,,,,,,,1.0E8,£,GBP,UK,"Europe, Middle East, and Africa",Project Failure,Commercial,,,Retail,http://www.computerweekly.com/news/2240075714/Sainsburys-drops-its-21bn-outsourcing-contract-after-fundamental-overhaul-of-IT,,,contract termination/cancellation
2008-04-01T07:00:00Z,US Census Reverts to Paper Forms for 2010 Census Due To Handheld Computer Problems,"$595 Million for scrapped computer contract, and another $2.5 Billion to go back to paper forms",,,,,,,595000000,$,USD,US,The Americas,Project Failure,Government,National,Commerce and Communications,,http://spectrum.ieee.org/riskfactor/computing/it/census_going_back_to_paper_due,,,contract termination/cancellation
2009-01-01T07:00:00Z,Miami-Dade School Board Terminates $85.4 Million Payroll System Contract,District fires Deloitte after spending $58.9 Million ($32 Million on software),,,,,,,58900000,$,USD,US,The Americas,Project Failure,Government,State/Local,Education,,http://www.eschoolnews.com/2009/01/15/miami-dade-school-board-fires-software-consulting-company/; https://www.bostonglobe.com/business/2013/10/06/deloitte-projects-plagued-with-troubles-around-country/gbNRcQg6yKHDS4yGVxh1RM/story.html; http://files.eric.ed.gov/fulltext/ED536523.pdf,,,"contract termination/cancellation, payroll"
2009-10-01T07:00:00Z,"Indiana Cancels $1.3 Billion Welfare Contract with IBM, Lawsuit Looms","The Governor says IBM did not improve its performance. IBM paid $441 million at time of cancellation. State sued IBM and lost in 2012, and the state was ordered to pay IBM another $62 million. On appeal, state won  a reversal in 2014. IBM and the state are in mediation.",,,,,,,441000000,$,USD,US,The Americas,Project Failure,Government,State/Local,Health and Human Services,,http://spectrum.ieee.org/riskfactor/computing/it/indiana-follows-through-with-threat-cancels-13-billion-outsourcing-contract; http://www.govtech.com/health/Nobody-Wins-in-Indiana-vs-IBM-Lawsuit-Judge-Says.html; http://www.ibj.com/articles/46136-appeals-court-ibm-breached-contract-with-state,,,contract termination/cancellation
2011-01-01T07:00:00Z,SBInet Contract Terminated after $1 Billion Spent,"After more than $1 Billion spent, the system can't be made to work.",,,,,,,1000000000,$,USD,US,The Americas,Project Failure,Government,National,Customs,,http://spectrum.ieee.org/riskfactor/computing/it/sbinet-officially-bites-the-dust,,,"airport/port/customs systems, contract termination/cancellation"
2011-03-01T07:00:00Z,US DoD Cancels Joint Tactical Radio System (JTRS) GMR development contract,DoD started program in 2007 and invested $6 Billion - decided not to spend another $15 Billion for software defined radios that didn't work,,,,,,,6000000000,$,USD,US,The Americas,Project Failure,Government,National,Defense and Veterans Affairs,,http://www.publicintegrity.org/2012/01/10/7816/failure-communicate-inside-armys-doomed-quest-perfect-radio,,,contract termination/cancellation
2013-08-01T07:00:00Z,Pennsylvania Won't Renew Contract with IBM Over Botched Unemployment System,"Original cost was $106.9 Million, current cost is $166 Million, 4 years late and without critical functionality",,,,,,,1.66E8,$,USD,US,The Americas,Project Failure,Government,State/Local,Labor,,http://spectrum.ieee.org/riskfactor/computing/it/pennsylvania-wont-renew-ibms-contract-for-botched-project,,,contract termination/cancellation
2014-03-01T07:00:00Z,Oregon Terminates Health Insurance Exchange Contract,Over $248 Million spent without anything to show for it,,,,,,,248000000,$,USD,US,The Americas,Project Failure,Government,State/Local,Health and Human Services,,http://spectrum.ieee.org/riskfactor/computing/it/oracle-assails-states-false-narrative-of-blame-over-cover-oregon-debacle,,,"contract termination/cancellation, health"
2014-12-01T07:00:00Z,New Jersey Cancels $118 Million Social Welfare Computer System Contract with HP,"Original cost was $83 Million in 2007 for a six year project, government and contractor mismanagement cited",,,,,,,8.3E7,$,USD,US,The Americas,Project Failure,Government,State/Local,Health and Human Services,,http://spectrum.ieee.org/riskfactor/computing/it/new-jersey-finally-cancels-118-million-social-welfare-computer-system,,,contract termination/cancellation
2007-11-01T07:00:00Z,UK Government Mislays Nearly Half the Country's Personal Details,Two discs containing information on 25 Million Britons was lost in the mail.,,,,,,25000000,,,,UK,"Europe, Middle East, and Africa",Operational Failure,Government,National,Law Enforcement,,http://spectrum.ieee.org/riskfactor/computing/it/uk_government_mislays_25_milli,,,misc
2010-11-01T07:00:00Z,Target Blames Computer Glitch for Short-changing Customers' Coupons,It's unknown how much money was involved.,,,3,months,2160,,,,,US,The Americas,Operational Failure,Commercial,,,Retail,http://spectrum.ieee.org/riskfactor/computing/it/target-blames-computer-for-shortchanging-customers,,,misc
2012-07-01T07:00:00Z,FBI Sentinel System Finally Goes Live,"The final cost was said to be $451 Million, $26 Million over the previous estimate.",,,,,,,451000000,$,USD,US,The Americas,Operational Failure,Government,National,Law Enforcement,,http://www.bloomberg.com/news/2012-07-31/fbi-computer-system-operational-after-delays-and-cost-overruns.html,FBI VCF/Sentinel,,misc
2012-12-01T07:00:00Z,Vermont and HP Settle Over Failed Dept. of Motor Vehicle Project,"Project cost was $18 Million; HP refunds state $8.4 Million, making state's cost $9.6 Million",,,,,,,18000000,$,USD,US,The Americas,Project Failure,Government,State/Local,Transportation,,http://vtdigger.org/2012/12/05/state-wins-8-37-million-back-from-hp-for-failed-dmv-system/,,,misc
2013-01-01T07:00:00Z,Navy Minesweeper Runs Aground in Protected Philippine Waters Following Incorrect Digital Chart,"The digital navigation map was off by 8 nautical miles, and the ship later had to be dismantled. The cost was over $44 million (not including the loss of the $277 million ship).",,,,,,,3.21E8,$,USD,Philippines,Asia Pacific and Japan,Operational Failure,Government,National,Defense and Veterans Affairs,,http://spectrum.ieee.org/riskfactor/computing/it/it-hiccups-of-the-week-digital-navigation-error-leads-to-dismantling-of-us-navy-ship; http://www.navytimes.com/article/20130620/NEWS/306200040,,,misc
2015-03-01T07:00:00Z,Idaho Spent $61 million on failed school Management System,"Idaho spent $40 million of its own money and $21 million from an educational foundation, to develop a state-wide instructional management system that doesn't work.",,,,,,,6.1E7,$,USD,US,The Americas,Project Failure,Government,State/Local,Education,,http://www.spokesman.com/stories/2015/mar/25/idaho-spent-61-million-on-failed-school/,,,misc
2012-07-01T07:00:00Z,"Judge Rules For IBM Against Indiana Lawsuit, But Victory is Hollow","Indiana was ordered to pay IBM $12 Million for equipment, not $100 Million IBM claimed it was owed.",,,,,,,1.2E7,$,USD,US,The Americas,Project Failure,Government,State/Local,Health and Human Services,,http://www.cio.com/article/2393757/legal/ibm-beats-indiana-in-outsourcing-case-no-one--deserves-to-win-.html,,,misc
2008-05-01T07:00:00Z,Centrica Sues for £182 Million over Botched Customer Billing System,Centrica  wrote off  £200 Million over botched system,,,,,,,200000000,£,GBP,UK,"Europe, Middle East, and Africa",Project Failure,Commercial,,,Energy and Utilities,http://spectrum.ieee.org/riskfactor/computing/it/lawyer_asteroid_hits_project_j,,,billing
2010-08-01T07:00:00Z,"80,000 State Farm Insurance Customers Double Billed",The automated billing system goes haywire.,,,,,,80000,,,,US,The Americas,Operational Failure,Commercial,,,Retail,http://spectrum.ieee.org/riskfactor/computing/it/thousands-of-state-farm-and-aafes-customers-erroneously-billed,,,billing
2011-08-01T07:00:00Z,New Ohio Medicaid IT System Doesn't Pay State Health Providers for Over 5 Weeks,MITS system has billing and data corruption problems,,,5,weeks,840,,,,,US,The Americas,Operational Failure,Government,State/Local,Health and Human Services,,http://www.utilityweek.co.uk/news/centrica-and-accenture-settle-project-jupiter-dispute/810832#.VKvAi3szZo8,,,"health, billing"
2011-08-01T07:00:00Z,Texas Utility Computer Upgrade Glitches,"Oncor Electric Delivery metering software glitches affects over 300,000 customers' bills.",,,10,days,240,330000,,,,US,The Americas,Operational Failure,Commercial,,,Energy and Utilities,http://spectrum.ieee.org/riskfactor/computing/it/electric-billing-issues-for-300000-texas-residents-after-software-upgrade-glitch,,,billing
2012-06-01T07:00:00Z,New Philadelphia Water Billing System Still Defective,"The city has spent $49 Million on 5 IT billing systems in all, and it still can't get its water billing system to work right.",,,,,,,49000000,$,USD,US,The Americas,Operational Failure,Government,State/Local,Finance and Treasury,,http://www.philadelphiacontroller.org/page.asp?id=794,,,billing
2013-03-01T07:00:00Z,Billing Problem Affects EnergyAustralia Customers ,"New IBM billing system causes problems for 145,000 customers. ",,,,,,145000,,,,Australia,Asia Pacific and Japan,Operational Failure,Commercial,,,Energy and Utilities,http://spectrum.ieee.org/riskfactor/computing/it/it-hiccups-of-the-week-hundreds-of-thousands-hit-by-us-tax-filing-glitches,,,billing
2013-12-01T07:00:00Z,"New $162 Million LA County Dept of Water and Power Billing System Sends out 70,000 wrong bills",DWP system original cost (which was kept secret) was $99 Million,,,,,,70000,99000000,$,USD,US,The Americas,Operational Failure,Government,State/Local,Utilities,,http://spectrum.ieee.org/riskfactor/computing/it/los-angeles-department-of-water-and-power-scrambles-to-fix-billing-system-mess,,,billing
2014-10-01T07:00:00Z,Duke Energy Falsely Reports Customers As Delinquent Bill Payers for Four Years,"Energy company blames coding error for false reports on over 500,000 customers.",,,4,years,34944,500000,,,,US,The Americas,Operational Failure,Commercial,,,Energy and Utilities,http://spectrum.ieee.org/riskfactor/computing/it/duke-energy-wrongly-reports-500000-customers-as-delinquent-bill-payers-since-2010-,,,billing
2010-10-01T07:00:00Z,Verizon Overbills 15 Million Customers for Years Due to Software Errors,$90 Million in overcharges,,,10,months,7200,15000000,9.0E7,$,,US,The Americas,Operational Failure,Commercial,,,Telecom,http://spectrum.ieee.org/riskfactor/telecom/wireless/verizon-overbilled-15-million-customers-for-years-because-of-software-errors,,,"billing, telecom"
2006-04-01T07:00:00Z,Microsoft 's MSN Search Engine Crashes,The outage lasted nearly four hours.,,,3.5,hours,3.5,,,,,Worldwide,Worldwide,Operational Failure,Commercial,,,IT,http://www.computerworld.com.au/article/154576/msn_search_engine_suffers_hours-long_outage/,,Microsoft,system outage/crash
2006-05-01T07:00:00Z,Software bug takes down Amtrak Power in Northeast,About a 4 hour outage,,,4,hours,4,,,,,US,The Americas,Operational Failure,Commercial,,,Rail,http://www.nytimes.com/2007/02/24/us/24amtrak.html,,,mass transit
2006-05-01T07:00:00Z,Montana Government IT Systems Crash,Day-long outage,,,1,days,24,,,,,US,The Americas,Operational Failure,Government,State/Local,Information Technology,,http://redmondmag.com/articles/2006/05/23/computer-outage-strikes-montana-state-government.aspx,,,system outage/crash
2007-06-01T07:00:00Z,International Space Station Experiences Total Loss of Computers,The computer was fixed after a few days.,,,6,days,144,,,,,Space,Worldwide,Operational Failure,Government,International,Space,,http://spectrum.ieee.org/aerospace/space-flight/space-station-internal-nasa-reports-explain-origins-of-june-computer-crisis,,,system outage/crash
2007-12-01T07:00:00Z,Computer Problems Close Major Seattle Bus Tunnel for Days,The tunnel was out for nearly a week.,,,1,weeks,168,,,,,US,The Americas,Operational Failure,Government,State/Local,Transportation,,http://spectrum.ieee.org/riskfactor/computing/it/seattle_bus_tunnel_computer_st,,,mass transit
2010-01-01T07:00:00Z,Australia's Myki AU$1.3 Billion Ticketing System Launch Marred by Problems,"Nearly three years late, and AU$800 Million over budget, the project is full of glitches galore.",,,,,,,8.0E8,$,AUD,Australia,Asia Pacific and Japan,Operational Failure,Government,State/Local,Transportation,,http://spectrum.ieee.org/riskfactor/computing/it/australias-au13-billion-myki-ticketing-system-introduction-marred-by-multiple-missteps,,,mass transit
2010-08-01T07:00:00Z,25 Virginia State Agencies Knocked Offline by Server Problems,Problems last nearly a week,,,3,days,72,,,,,US,The Americas,Operational Failure,Government,State/Local,Information Technology,,http://spectrum.ieee.org/riskfactor/computing/it/virginia-state-agencies-still-suffering-from-server-problems,,,system outage/crash
2011-05-01T07:00:00Z,Virginia Fines IT Outsourcer Northrop Grumman for 2010 Outages,"State agencies were without IT for days, and the fine was $5 million.",,,,,,,5000000,$,USD,US,The Americas,Operational Failure,Government,State/Local,Information Technology,,http://www.washingtonpost.com/blogs/virginia-politics/post/virginia-fines-northrop-grumman-nearly-5m-for-massive-computer-outage/2011/05/19/AF9eLB7G_blog.html; http://www.washingtonpost.com/blogs/virginia-politics/post/virginia-fines-northrop-grumman-nearly-5m-for-massive-computer-outage/2011/05/19/AF9eLB7G_blog.html,,,system outage/crash
2014-05-01T07:00:00Z,US Immigration Court System Server Outage Enters Week Six,59 immigration courts have to revert to pencil and paper,,,6,weeks,1008,,,,,US,The Americas,Operational Failure,Government,National,Law Enforcement,,http://spectrum.ieee.org/riskfactor/computing/it/us-immigration-court-system-outage-enters-week-six,,,system outage/crash
2014-11-01T07:00:00Z,Microsoft Azure Cloud Goes Down for over 11 Hours,"An update error compounded by human error takes down Microsoft Office 365,  Xbox Live , and other services across the United States, Europe, Japan, and Asia.",,,11,hours,11,,,,,Worldwide,Worldwide,Operational Failure,Commercial,,,IT,http://spectrum.ieee.org/riskfactor/computing/it/blob-frontend-bug-bites-microsoft-azure-cloud-,,Microsoft,system outage/crash
2008-03-01T07:00:00Z,Software Update Brings Down Georgia Nuclear Power Plant,The plant went into emergency shutdown for 48 hours.,,,2,days,48,,,,,US,The Americas,Operational Failure,Commercial,,,Energy and Utilities,http://spectrum.ieee.org/riskfactor/computing/it/software_update_brings_down_nu,,,system outage/crash
2007-08-01T07:00:00Z,US Customs Computer System at LAX Suffers Hardware Crash,"20,000 arriving passengers going through customs were delayed for hours, and there were delays for outbound international flights, as well.",,3,13.5,hours,13.5,20000,,,,US,The Americas,Operational Failure,Government,National,Customs,,http://www.washingtonpost.com/wp-dyn/content/article/2007/08/12/AR2007081200147.html,,,airport/port/customs systems
2008-10-01T07:00:00Z,Train Engineer Texting Before California Train Crash,Metrolink crash in California killed 25 people and injured 135 in the worst train accident since 1993.,,160,,,,,,,,US,The Americas,Operational Failure,Commercial,,,Rail,http://www.reuters.com/article/2008/10/02/us-usa-train-crash-idUSN0152835520081002,,,mass transit
2008-10-01T07:00:00Z,Qantas Airbus 330 Dives Due to Faulty Computer Component,"70 plus passengers and crew were injured, 14 severely",,70,,,,70,,,,Australia,Asia Pacific and Japan,Operational Failure,Commercial,,,Air Transport,http://spectrum.ieee.org/riskfactor/computing/it/qantas_dive_was_caused_by_faul,,,airplane
2009-05-01T07:00:00Z,Boston Trolley Crash Attributed to Texting Driver,Two trolleys were damaged and at least 46 passengers were injured.,,46,,,,46,,,,US,The Americas,Operational Failure,Government,State/Local,Transportation,,http://spectrum.ieee.org/riskfactor/computing/it/boston_mbta_to_ban_cellphones,,,mass transit
2009-06-01T07:00:00Z,Automated Train Control Failure Involved in Washington DC Metro Crash,"9 killed, 52 injured in crash",,61,,,,,,,,US,The Americas,Operational Failure,Commercial,,,Rail,http://spectrum.ieee.org/riskfactor/computing/it/national-transportation-safety-board-issues-urgent-dc-metro-safety-recommendation,,,mass transit
2009-06-01T07:00:00Z,Air France Flight 447 Crashes Off Coast of Brazil,"228 passengers and crew perished, Automation paradox at play",,228,,,,228,,,,"Brazil, France",Worldwide,Operational Failure,Commercial,,,Air Transport,http://spectrum.ieee.org/riskfactor/aerospace/aviation/air-france-flight-447-crash-caused-by-a-combination-of-factors,,,airplane
2009-08-01T07:00:00Z,California Runaway Car Crash Highlights Toyota Sudden Acceleration Issue,Policeman and family were killed in runaway Toyota Lexus caused by stuck floor mat.,,4,,,,,,,,US,The Americas,Operational Failure,Commercial,,,Auto and Land Transport,http://spectrum.ieee.org/riskfactor/computing/it/how-hard-should-it-be-to-stop-a-runaway-car,,Toyota,cars
2011-08-01T07:00:00Z,"Air Ambulance Crashes in Mosby, Missouri Kills Four",NTSB cites pilot for texting in 2013.,,4,,,,,,,,US,The Americas,Operational Failure,Commercial,,,Air Transport,http://www.reuters.com/article/2013/04/10/us-usa-helicopter-crash-idUSBRE93901820130410,,,airplane
2005-11-01T07:00:00Z,Computer Problem Shuts Tokyo Stock Exchange,The exchange is closed for a day.,,,1,days,24,,,,,Japan,Asia Pacific and Japan,Operational Failure,Commercial,,,Stock Exchanges,http://www.theregister.co.uk/2005/11/25/stock_exchange_glitch_fall_out/,,,stock exchange
2005-12-01T07:00:00Z,Fat finger Trade Causes Havoc on Tokyo Stock Exchange,Mizuho Securities brokerage suffers a $330 Million loss.,,,10,minutes,0.1666666667,,3.3E8,$,USD,Japan,Asia Pacific and Japan,Operational Failure,Commercial,,,Stock Exchanges,http://www.nytimes.com/2005/12/13/business/worldbusiness/13glitch.html,,,stock exchange
2007-11-01T07:00:00Z,"London , NASDAQ and Toronto Stock Exchanges All Experience Computer Problems",Delays in trading at all three exchanges,,,40,minutes,0.6666666667,,,,,"UK, US, Canada",Worldwide,Operational Failure,Commercial,,,Stock Exchanges,http://spectrum.ieee.org/riskfactor/computing/it/computer_problems_at_london_st,,,stock exchange
2008-02-01T07:00:00Z,Tokyo Stock Exchange Experiences Computer Fault,Future trading was suspended for nearly three hours.,,,3,hours,2.66,,,,,Japan,Asia Pacific and Japan,Operational Failure,Commercial,,,Stock Exchanges,http://www.bloomberg.com/apps/news?pid=newsarchive&refer=Japan&sid=aWLtzQLW_bF4,,,stock exchange
2008-07-01T07:00:00Z,Tokyo Stock Exchange Suspends Trading,Outage last over 4 hours,,,4,hours,4,,,,,Japan,Asia Pacific and Japan,Operational Failure,Commercial,,,Stock Exchanges,http://spectrum.ieee.org/riskfactor/computing/it/tokyo_stock_exchange_has_yet_a,,,stock exchange
2008-09-01T07:00:00Z,London Stock Exchange Shutdown Due to Software Problem,The exchange is shut for seven hours.,,,7,hours,7,,,,,UK,"Europe, Middle East, and Africa",Operational Failure,Commercial,,,Stock Exchanges,http://spectrum.ieee.org/riskfactor/computing/it/london_stock_exchange_shutdown,,,stock exchange
2008-12-01T07:00:00Z,Network Issue Closes Toronto Stock Exchange,The exchange is closed for day by a network firmware issue.,,,1,days,24,,,,,Canada,The Americas,Operational Failure,Commercial,,,Stock Exchanges,http://spectrum.ieee.org/riskfactor/computing/it/toronto_stock_exchange_resumes,,,stock exchange
2009-06-01T07:00:00Z,NY Stock Exchange Halts Trading in 242 Stocks Due to Server Error,Trading was halted for about an hour.,,,40,minutes,0.66,,,,,US,The Americas,Operational Failure,Commercial,,,Stock Exchanges,http://spectrum.ieee.org/riskfactor/computing/it/new-york-stock-exchange-trading-halted-last-week,,,stock exchange
2009-08-01T07:00:00Z,NYSE Suffers Network  Problem,"2,000 securities were affected for about 20 minutes.",,,20,minutes,0.33,,,,,US,The Americas,Operational Failure,Commercial,,,Stock Exchanges,http://spectrum.ieee.org/riskfactor/computing/it/minor-glitches-at-new-york-and-london-exchanges-again-last-week,,,stock exchange
2009-11-01T07:00:00Z,London Stock Exchange Suffers Two Outages,"One outage lasts over three hours, the other affects trading in 1 out of 12 stocks.",,,3.5,hours,3.5,,,,,UK,"Europe, Middle East, and Africa",Operational Failure,Commercial,,,Stock Exchanges,http://spectrum.ieee.org/riskfactor/computing/it/london-stock-exchange-goes-down-again,,,stock exchange
2010-05-01T07:00:00Z,NYSE Trading Goes Haywire,Drops 346 points after dropping more than 587 points; cause later found to be caused by trading algorithm,,,20,minutes,0.3333333333,,,,,US,The Americas,Operational Failure,Commercial,,,Stock Exchanges,http://spectrum.ieee.org/riskfactor/computing/it/man-the-hatches-new-york-stock-market-trading-goes-haywire,,,stock exchange
2010-06-01T07:00:00Z,Mistaken Deutsche Bank' $182 Billion Sell Order Almost Disrupts Osaka Exchange,Bank blames software glitch for attempted mistrade,,,,,,,5.46E8,$,USD,Japan,Asia Pacific and Japan,Operational Failure,Commercial,,,Stock Exchanges,http://spectrum.ieee.org/riskfactor/computing/it/y167-trillion-182-billion-mistake-by-deutsche-bank-nearly-sinks-osaka-exchange,,,stock exchange
2010-10-01T07:00:00Z,NYSE Flash Crash Cause Uncovered,A trading algorithm is blamed for the crash.,,,20,minutes,0.3333333333,,,,,US,The Americas,Operational Failure,Commercial,,,Stock Exchanges,http://spectrum.ieee.org/riskfactor/computing/it/flash-crash-cause-found,,,stock exchange
2010-10-01T07:00:00Z,Bad Software Upgrade Triggers Nearly 10% Plunge in NYSE Euronext Arca Traded Fund,$7.9 Billion in trades had to be unraveled.,,,,,,,7.9E9,$,USD,US,The Americas,Operational Failure,Commercial,,,Stock Exchanges,http://spectrum.ieee.org/riskfactor/computing/it/bad-software-update-triggers-96-plunge-on-nyse-euronexts-electronic-arca-trading-platform,,,stock exchange
2011-02-01T07:00:00Z,SEC Fines Investment Company AXA $25 Million for Hiding $242 Million Software Error,Executives hid error in company's portfolio risk model,,,,,,,2.42E8,$,USD,US,The Americas,Operational Failure,Commercial,,,,http://spectrum.ieee.org/riskfactor/computing/it/the-242-million-software-error,,,stock exchange
2011-02-01T07:00:00Z,London Stock Exchange New Trading Platform Suffers Glitch,Trading was affected.,,,42,seconds,0.01166666667,,,,,UK,"Europe, Middle East, and Africa",Operational Failure,Commercial,,,Stock Exchanges,http://spectrum.ieee.org/riskfactor/computing/it/london-stock-exchange-suffers-glitch-in-new-system,,,stock exchange
2011-02-01T07:00:00Z,London Stock Exchange New Trading Platform Goes Dark for 4 Hours,Problem begins at opening bell,,,4,hours,4,,,,,UK,"Europe, Middle East, and Africa",Operational Failure,Commercial,,,Stock Exchanges,http://spectrum.ieee.org/riskfactor/computing/it/london-stock-exchange-suffers-4-hour-outage,,,stock exchange
2011-02-01T07:00:00Z,Australian Stock Exchange Suspends Trading for 4 Hours,AU$1.5 Billion in trades likely lost,,,72,minutes,1.2,,1500000000,$,AUD,Australia,Asia Pacific and Japan,Operational Failure,Commercial,,,Stock Exchanges,http://spectrum.ieee.org/riskfactor/computing/it/australian-stock-markets-turn-to-go-dark,,,stock exchange
2011-10-01T07:00:00Z,"Australian Stock Exchange Shut for 4 Hours After ""Connectivity"" Issue",Traders were very unhappy.,,,4,hours,4,,,,,Australia,Asia Pacific and Japan,Operational Failure,Commercial,,,Stock Exchanges,http://spectrum.ieee.org/riskfactor/computing/it/australian-securities-exchange-restored-after-going-dark,,,stock exchange
2012-02-01T07:00:00Z,Tokyo Stock Exchange Backups Fail,Server problems cause a 3.5-hour outage.,,,3.5,hours,3.5,,,,,Japan,Asia Pacific and Japan,Operational Failure,Commercial,,,Stock Exchanges,http://spectrum.ieee.org/riskfactor/computing/it/tokyo-stock-exchange-has-trouble-with-servers,,,stock exchange
2012-08-01T07:00:00Z,Knight Capital Loses $440 Million in Errant Trading Due to Programming Error,Losses place company at risk of collapse,,,,,,,440000000,$,USD,US,The Americas,Operational Failure,Commercial,,,Stock Exchanges,http://spectrum.ieee.org/riskfactor/computing/it/new-insights-into-knight-capital-trading-snafu,,,stock exchange
2012-10-01T07:00:00Z,Erroneous Trades Plunge India's National Stock Exchange 800 Points in Minutes,A trader entered 59 erroneous orders and the exchange stops to unravel orders.,,,15,minutes,0.25,,,,,India,Asia Pacific and Japan,Operational Failure,Commercial,,,Stock Exchanges,http://spectrum.ieee.org/riskfactor/computing/it/algorithms-gone-wild,,,stock exchange
2013-08-01T07:00:00Z,NASDAQ Shuts Due to Trading Glitch,Exchange says for 3-hour outage was due to connectivity problems.,,,3,hours,3,,,,,US,The Americas,Operational Failure,Commercial,,,Stock Exchanges,http://spectrum.ieee.org/riskfactor/computing/it/it-hiccups-of-the-week-stock-exchange-gremlins-attack,,,stock exchange
2008-08-01T07:00:00Z,Computer Bought on eBay for £35 Contains 1 Million NatWest Bank Customer Records,"Include names, addresses, mobile phone numbers, bank account numbers, sort codes, credit card numbers, mothers' maiden names and even signatures",,,,,,1000000,,,GBP,UK,"Europe, Middle East, and Africa",Operational Failure,Commercial,,,Banking and Financial,http://spectrum.ieee.org/riskfactor/computing/it/computer_bought_on_ebay_contai,,,bank
2010-01-01T07:00:00Z,30 Million German Bank Cards' Date Problem Almost Fixed,The security chips didn't recognize date 2010.,,,,,,30000000,,,,Germany,"Europe, Middle East, and Africa",Operational Failure,Commercial,,,Banking and Financial,http://spectrum.ieee.org/riskfactor/computing/it/30-million-german-bank-cards-almost-fixed,,,bank
2010-11-01T07:00:00Z,Millions Affected by National Australia Bank Computer Problems,"All personal and business accounts frozen for several days, transactions with other major Australian banks hit as well",,,3,days,72,11000000,,,,Australia,Asia Pacific and Japan,Operational Failure,Commercial,,,Banking and Financial,http://spectrum.ieee.org/riskfactor/computing/it/millions-of-national-australia-bank-customers-likely-affected-by-computer-glitch,,,bank
2011-01-01T07:00:00Z,"200,000 Credit and Debit Card Holders Doubled Billed by Lloyds Cardnet System",Charges happened New Year's Eve 2010.,,,,,,200000,,,,UK,"Europe, Middle East, and Africa",Operational Failure,Commercial,,,Banking and Financial,http://spectrum.ieee.org/riskfactor/computing/it/200000-credit-and-debit-card-holders-doublebilled-by-lloyds-tsb-cardnet-system,,,bank
2011-02-01T07:00:00Z,Allied Irish Banks Sues for €84 Million over Botched Retail Banking System,Suit brought against Oracle,,,,,,,84000000,€,EUR,Ireland,"Europe, Middle East, and Africa",Operational Failure,Commercial,,,Banking and Financial,http://spectrum.ieee.org/riskfactor/computing/it/allied-irish-banks-wants-84-million-from-two-oracle-companies-for-botched-retail-banking-system,,,bank
2011-03-01T07:00:00Z,Computer Problems at Japan's Mizuho Bank Continued into Second Week,"Millions of financial transactions delayed for processing for a week, ATMs closed for 3 days",,,1,weeks,168,1000000,,,,Japan,Asia Pacific and Japan,Operational Failure,Commercial,,,Banking and Financial,http://spectrum.ieee.org/riskfactor/computing/it/japans-mizuho-bank-computer-problems-persist-in-second-week,,,bank
2011-04-01T07:00:00Z,National Australia Bank Suffers Another Computer Problem,Millions of Australians were affected again.,,,1,days,24,,,,,Australia,Asia Pacific and Japan,Operational Failure,Commercial,,,Banking and Financial,http://spectrum.ieee.org/riskfactor/computing/it/national-australia-bank-it-problems-affects-millions-again,,,bank
2011-04-01T07:00:00Z,Korea's NH Bank Computers Crash,30 Million account holders were affected for days.,,,10,days,240,30000000,,,,Korea,Asia Pacific and Japan,Operational Failure,Commercial,,,Banking and Financial,http://spectrum.ieee.org/riskfactor/computing/it/south-korean-banks-weeklong-system-failure-affecting-30-million-an-inside-job,,,bank
2011-06-01T00:00:00Z,Corrupt File at Australia's Westpac Bank Causes Problems for Australian Banks,Millions of banking customers across Australia affected for two days,,,2,days,48,,,,,Australia,Asia Pacific and Japan,Operational Failure,Commercial,,,Banking and Financial,http://spectrum.ieee.org/riskfactor/computing/it/corrupt-file-causes-at-westpac-causes-problems-at-australian-banks,,,bank
2011-11-01T07:00:00Z,Maintenance Issue Takes Down UK RBS and NatWest's Online and Telephone Banking Systems,15 Million customers affected,,,2,hours,2,15000000,,,,UK,"Europe, Middle East, and Africa",Operational Failure,Commercial,,,Banking and Financial,http://spectrum.ieee.org/riskfactor/computing/it/millions-in-uk-affected-by-it-system-glitches-at-hsbc-rbs-and-natwest-banks-over-past-few-days,,,bank
2011-11-01T07:00:00Z,IT Problem Takes Down UK HSBC's Online Banking and ATM System,15 Million customers affected,,,2,hours,2,15000000,,,,UK,"Europe, Middle East, and Africa",Operational Failure,Commercial,,,Banking and Financial,http://spectrum.ieee.org/riskfactor/computing/it/millions-in-uk-affected-by-it-system-glitches-at-hsbc-rbs-and-natwest-banks-over-past-few-days,,,bank
2012-06-01T07:00:00Z,"Software Update Crashes UK RBS Bank Group IT Systems, Over 6 Million Customers Without Access to Accounts",System outage also hits banks and their customers across UK,,,,,,6000000,,,,UK,"Europe, Middle East, and Africa",Operational Failure,Commercial,,,Banking and Financial,http://spectrum.ieee.org/riskfactor/computing/it/natwest-banks-nightmare-starting-to-end-,,,bank
2013-07-01T07:00:00Z,Bank Blames GPS Error for Repossessing Wrong House,Bank apologizes and offers small compensation for error,,,,,,,18000,$,USD,US,The Americas,Operational Failure,Commercial,,,Banking and Financial,http://spectrum.ieee.org/riskfactor/computing/it/it-hiccups-of-the-week-ohio-bank-blames-gps-for-wrong-house-repossession,,,bank
2014-11-01T07:00:00Z,UK RBS Bank Group Fined by Financial Conduct Authority £ 56 Million over 2012 IT Outages,"RBS already paid out £ 175 Million in compensation and other costs, and is investing £1 Billion to improve internal IT",,,6,weeks,1008,17000000,7.5E7,£,GBP,UK,"Europe, Middle East, and Africa",Operational Failure,Commercial,,,Banking and Financial,http://spectrum.ieee.org/riskfactor/computing/it/royal-bank-of-scotland-group-facing-huge-fine-over-2012-massive-it-system-meltdown,,,bank
2008-03-01T07:00:00Z,"Dutch Tax Office Accidentally Erases 730,000 Digitally Submitted Tax Returns",Taxpayers must resubmit their returns.,,,,,,730000,,,,Netherlands,"Europe, Middle East, and Africa",Operational Failure,Government,National,Finance and Treasury,,http://spectrum.ieee.org/riskfactor/computing/it/dutch_tax_office_loses_730000,,,taxes
2008-12-01T07:00:00Z,Veterans Affairs Failure to Update Software Shortchanges War Widows for 12 years,"400,000 widows are owed money.",,,12,years,104832,,,,,US,The Americas,Operational Failure,Government,National,Defense and Veterans Affairs,,http://spectrum.ieee.org/riskfactor/computing/it/us_department_of_veteran_affai,,,social welfare
2009-12-01T07:00:00Z,California Unemployment System Programming Issues Delay Checks,"117,000 unemployment checks were not sent out.",,,,,,117000,,,,US,The Americas,Operational Failure,Government,State/Local,Labor,,http://spectrum.ieee.org/riskfactor/computing/it/117000-california-unemployment-checks-in-limbo-because-of-states-it-systems-problems,,,social welfare
2010-06-01T07:00:00Z,"UK HMRC Agency Computer System Errors Hit 100,000 Taxpayers",The tax agency claimed the system was working as it should.,,,,,,100000,,,,UK,"Europe, Middle East, and Africa",Operational Failure,Government,National,Finance and Treasury,,http://spectrum.ieee.org/riskfactor/computing/it/uk-revenue-and-customs-computer-errors-whack-100000-taxpayers,,,taxes
2010-09-01T07:00:00Z,UK Government Tries to Quell Firestorm over Incorrectly Computed Taxes for 13.5 Million Taxpayers,HMRC computer system modernization to blame.,,,,,,13500000,,,,UK,"Europe, Middle East, and Africa",Operational Failure,Government,National,Finance and Treasury,,http://spectrum.ieee.org/riskfactor/computing/it/uk-government-moves-to-reduce-paye-system-political-fallout,,,taxes
2013-03-01T07:00:00Z,"Tax Refunds for Over 600,000 H&R Block Users Delayed Because of eFile Problems",Refunds were delayed up to 8 weeks.,,,8,weeks,1536,600000,,,,US,The Americas,Operational Failure,Commercial,,,Banking and Financial,http://spectrum.ieee.org/riskfactor/computing/it/it-hiccups-of-the-week-hundreds-of-thousands-hit-by-us-tax-filing-glitches,,,taxes
2013-07-01T07:00:00Z,South Carolina Fires HP Over Failed Child Support Enforcement IT System,Complicated - best estimate is at least $116 million and probably tens of millions more over time as Federal fines mount,,,,,,,1.16E8,$,USD,US,The Americas,Project Failure,Government,State/Local,Health and Human Services,,http://www.thestate.com/news/politics-government/article14442176.html; http://www.thestate.com/news/politics-government/politics-columns-blogs/the-buzz/article13831079.html,,,social welfare
2013-08-01T07:00:00Z,Massachusetts Department of Revenue Cancels New $114 Million Tax System Development,The state cancels its contract with Deloitte for poor performance after spending $54 Million.,,,,,,,54000000,$,USD,US,The Americas,Project Failure,Government,State/Local,Finance and Treasury,,http://www.crn.com/news/channel-programs/240162344/deloitte-state-contracts-repeatedly-over-time-budget-report.htm,,,"project termination/cancellation, taxes"
2014-01-01T07:00:00Z,North Carolina Cancels Tax Computer System Project After Spending $90.8 Million,The state will go in another direction.,,,,,,,9.08E7,$,USD,US,The Americas,Project Failure,Government,State/Local,Finance and Treasury,,http://www.govtech.com/health/State-Pulls-Plug-on-90-Million-Tax-Computer-System.html; http://www.govtech.com/state/NC-Revenue-Department-CGI-Agreed-not-to-Disparage-Each-Other-Following-Failed-Project.html; http://www.wral.com/revenue-department-pulls-plug-on-computer-system-upgrade/13301442/,,,"project termination/cancellation, taxes"
2014-04-01T07:00:00Z,UK £1.2 Billion Universal Credit Programme Begins Again,Program complete date pushed back to 2017 from 2015; £425m spent on the program so far likely to be written off,,,,,,,4.25E8,£,GBP,UK,"Europe, Middle East, and Africa",Operational Failure,Government,National,Health and Human Services,,http://www.newstatesman.com/politics/2014/04/universal-credit-anatomy-government-failure,,,social welfare
2014-09-01T07:00:00Z,"Indiana's Bureau of Motor Vehicles Overcharged 180,000 Customers over Ten Years",The state promises to refund $29 Million (plus interest) in wrongly calculated excise tax fees.,,,10,years,87360,180000,29000000,$,USD,US,The Americas,Operational Failure,Government,State/Local,Transportation,,http://spectrum.ieee.org/riskfactor/computing/it/indianas-bureau-of-motor-vehicles-overcharged-180000-customers-excise-tax-for-10-years,,,taxes
2014-11-01T07:00:00Z,"Ontario's New CN$240 Million Social Assistance Management Systems (SAMS) Overpays 17,000 Social Welfare Recipients Some CN$20 Million",Government calls overpayment a minor glitch,,,1,days,24,17000,,,CAD,Canada,The Americas,Operational Failure,Government,State/Local,Health and Human Services,,http://www.thestar.com/news/canada/2014/11/28/computer_glitch_sends_20m_in_overpayments_to_social_assistance_recipients.html,,,social welfare
2015-01-01T07:00:00Z,South Carolina and HP Agree Over Failed 2013 Child Support Project,HP agrees to pay SC $44 Million; SC Carolina Agrees to Pay HP $5 million; State still has to pay Feds $73 Million for not having Child Support System in place ($51 million was previously paid by computre companies who failed to build system); SC has hired Xerox to build system which won't be done by 2019; Congress in 1988 mandated system be in place by 1992,,,,,,,4.4E7,$,USD,US,The Americas,Project Failure,Government,State/Local,Health and Human Services,,http://www.thestate.com/news/politics-government/politics-columns-blogs/the-buzz/article13940351.html,,,social welfare
2015-01-01T07:00:00Z,Ontario's Admits it May Take Another 10 Weeks to Fix Problems with  Social Assistance Management Systems (SAMS),Over CN$5 Million spent on extra staff so far to fix on-going problems with system,,,10,weeks,1680,,5000000,$,CAD,Canada,The Americas,Operational Failure,Government,State/Local,Health and Human Services,,http://www.thestar.com/news/canada/2015/01/30/internal-memo-shows-welfare-computer-system-problems-drag-on.html,,,social welfare
2015-03-01T07:00:00Z,Ontario's Admits More Time Fix Problems with  Social Assistance Management Systems (SAMS),A total of CN$21 Million was spent to fix on-going problems with system on top of the original CN$242 million spent to develop it.,,,,,,,2.1E7,$,CAD,Canada,The Americas,Operational Failure,Government,State/Local,Health and Human Services,,http://www.thestar.com/news/canada/2015/03/19/ontario-pours-another-5-million-into-problem-plagued-welfare-computer-system.html,,,social welfare
